	qsoName,	qsoID,	ra,	dec,	filterID,	aperMag3AverAB,	aperMag3Err,	ppErrBits
                  SDSSJ0005-0006,                   2,      +1.4680833,      -0.1154999,   3,    +20.729958,     +0.130241,          0
                  SDSSJ0005-0006,                   2,      +1.4680833,      -0.1154999,   4,    +19.990760,     +0.085715,          0
                  SDSSJ0005-0006,                   2,      +1.4680833,      -0.1154999,   5,    +20.544788,     +0.171531,          0
            PSOJ004.3936+17.0862,                   7,      +4.3936135,     +17.0863045,   3,    +20.743412,     +0.080699,    4194304
            PSOJ004.3936+17.0862,                   7,      +4.3936135,     +17.0863045,   5,    +20.284893,     +0.091551,          0
                  VDESJ0020-3653,                   9,      +5.1311237,     -36.8949476,   3,    +20.421812,     +0.068346,          0
                  VDESJ0020-3653,                   9,      +5.1311237,     -36.8949476,   5,    +19.319130,     +0.077284,          0
                  SDSSJ0023-0018,                  10,      +5.8777916,      -0.3101111,   3,    +20.391222,     +0.102050,          0
                  SDSSJ0023-0018,                  10,      +5.8777916,      -0.3101111,   4,    +20.120817,     +0.126243,          0
                  SDSSJ0023-0018,                  10,      +5.8777916,      -0.3101111,   5,    +19.941513,     +0.105881,          0
                SDWISEJ0025-0145,                  12,      +6.3618333,      -1.7590306,   2,    +18.026766,     +0.014261,          0
                SDWISEJ0025-0145,                  12,      +6.3618333,      -1.7590306,   3,    +17.946362,     +0.013751,          0
                SDWISEJ0025-0145,                  12,      +6.3618333,      -1.7590306,   4,    +17.717808,     +0.019219,          0
                SDWISEJ0025-0145,                  12,      +6.3618333,      -1.7590306,   5,    +17.589176,     +0.017610,          0
                 CFHQSJ0033-0125,                  15,      +8.2975000,      -1.4235833,   3,    +21.405960,     +0.189515,          0
                 CFHQSJ0033-0125,                  15,      +8.2975000,      -1.4235833,   4,    +21.321750,     +0.264906,          0
                 CFHQSJ0033-0125,                  15,      +8.2975000,      -1.4235833,   5,    +20.786540,     +0.168865,          0
                  SDSSJ0054-0109,                  20,     +13.5892499,      -1.1560000,   3,    +19.636236,     +0.049141,          0
                  SDSSJ0054-0109,                  20,     +13.5892499,      -1.1560000,   4,    +19.390621,     +0.055732,          0
                  SDSSJ0054-0109,                  20,     +13.5892499,      -1.1560000,   5,    +19.488264,     +0.088034,          0
                 CFHQSJ0102-0218,                  23,     +15.7109990,      -2.3027499,   2, -9.999995E008, -9.999995E008,          0
                 CFHQSJ0102-0218,                  23,     +15.7109990,      -2.3027499,   3,    +21.647259,     +0.349543,          0
                 CFHQSJ0102-0218,                  23,     +15.7109990,      -2.3027499,   4,    +22.645641,     +1.240655,          0
                 CFHQSJ0102-0218,                  23,     +15.7109990,      -2.3027499,   5,    +22.511864,     +1.544651,          0
                  SDSSJ0108-0100,                  25,     +17.1248333,      -1.0043333,   3,    +21.815128,     +0.209245,          0
                  SDSSJ0108-0100,                  25,     +17.1248333,      -1.0043333,   4,    +21.196718,     +0.248805,          0
                  SDSSJ0108-0100,                  25,     +17.1248333,      -1.0043333,   5,    +21.641620,     +0.341440,          0
                   VIKJ0109-3047,                  26,     +17.4713790,     -30.7906420,   1,    +27.822535,    +20.713732,          0
                   VIKJ0109-3047,                  26,     +17.4713790,     -30.7906420,   2,    +21.246763,     +0.099174,          0
                   VIKJ0109-3047,                  26,     +17.4713790,     -30.7906420,   3,    +21.277882,     +0.102752,          0
                   VIKJ0109-3047,                  26,     +17.4713790,     -30.7906420,   4,    +21.133987,     +0.139823,          0
                  SDSSJ0115+0015,                  28,     +18.9365833,      +0.2541388,   3,    +20.433199,     +0.037927,          0
                  SDSSJ0115+0015,                  28,     +18.9365833,      +0.2541388,   4,    +20.040792,     +0.061348,          0
                  SDSSJ0115+0015,                  28,     +18.9365833,      +0.2541388,   5,    +19.807592,     +0.042220,          0
                SDWISEJ0115-0253,                  29,     +18.9427916,      -2.8867333,   2,    +19.667803,     +0.037416,          0
                SDWISEJ0115-0253,                  29,     +18.9427916,      -2.8867333,   3,    +19.615840,     +0.037204,          0
                SDWISEJ0115-0253,                  29,     +18.9427916,      -2.8867333,   4,    +19.434963,     +0.048352,          0
                SDWISEJ0115-0253,                  29,     +18.9427916,      -2.8867333,   5,    +19.467041,     +0.064981,          0
                  SDSSJ0129-0028,                  32,     +22.2810000,      -0.4793055,   3,    +21.655157,     +0.119371,          0
                  SDSSJ0129-0028,                  32,     +22.2810000,      -0.4793055,   4,    +21.457756,     +0.204405,          0
                  SDSSJ0129-0028,                  32,     +22.2810000,      -0.4793055,   5,    +21.111923,     +0.143491,          0
                  SDSSJ0129-0035,                  33,     +22.4937910,      -0.5943611,   3,    +21.738510,     +0.128861,          0
                  SDSSJ0129-0035,                  33,     +22.4937910,      -0.5943611,   4,    +21.697222,     +0.256998,          0
                  SDSSJ0129-0035,                  33,     +22.4937910,      -0.5943611,   5,    +21.624378,     +0.230041,          0
                SDWISEJ0131-0321,                  34,     +22.8639166,      -3.3500527,   2,    +17.844168,     +0.010375,          0
                SDWISEJ0131-0321,                  34,     +22.8639166,      -3.3500527,   3,    +17.645874,     +0.008571,          0
                SDWISEJ0131-0321,                  34,     +22.8639166,      -3.3500527,   4,    +17.356367,     +0.009443,          0
                SDWISEJ0131-0321,                  34,     +22.8639166,      -3.3500527,   5,    +17.355482,     +0.015374,          0
            PSOJ023.0071-02.2675,                  35,     +23.0071000,      -2.2675300,   2,    +20.196655,     +0.112875,          0
            PSOJ023.0071-02.2675,                  35,     +23.0071000,      -2.2675300,   3,    +20.159458,     +0.118133,          0
            PSOJ023.0071-02.2675,                  35,     +23.0071000,      -2.2675300,   4,    +19.886295,     +0.169737,          0
            PSOJ023.0071-02.2675,                  35,     +23.0071000,      -2.2675300,   5,    +19.697624,     +0.140151,          0
                  SDSSJ0133+0106,                  36,     +23.3618333,      +1.1104722,   3,    +20.650742,     +0.056865,          0
                  SDSSJ0133+0106,                  36,     +23.3618333,      +1.1104722,   4,    +20.080187,     +0.065113,          0
                  SDSSJ0133+0106,                  36,     +23.3618333,      +1.1104722,   5,    +20.122910,     +0.067488,          0
          ATLASJ025.6821-33.4627,                  39,     +25.6821972,     -33.4626300,   1,    +19.517223,     +0.008029,          0
          ATLASJ025.6821-33.4627,                  39,     +25.6821972,     -33.4626300,   2,    +19.136515,     +0.010779,          0
          ATLASJ025.6821-33.4627,                  39,     +25.6821972,     -33.4626300,   3,    +19.101010,     +0.007404,          0
          ATLASJ025.6821-33.4627,                  39,     +25.6821972,     -33.4626300,   5,    +18.754501,     +0.022233,          0
                  VDESJ0143-5545,                  40,     +25.7926667,     -55.7529667,   3,    +20.600803,     +0.058414,          0
                  VDESJ0143-5545,                  40,     +25.7926667,     -55.7529667,   5,    +20.102770,     +0.111185,          0
            PSOJ029.5172-29.0886,                  43,     +29.5172600,     -29.0886800,   1,    +19.279257,     +0.011427,          0
            PSOJ029.5172-29.0886,                  43,     +29.5172600,     -29.0886800,   2,    +19.211056,     +0.011954,          0
            PSOJ029.5172-29.0886,                  43,     +29.5172600,     -29.0886800,   3,    +19.175846,     +0.021448,          0
            PSOJ029.5172-29.0886,                  43,     +29.5172600,     -29.0886800,   4,    +19.123995,     +0.042557,          0
            PSOJ029.5172-29.0886,                  43,     +29.5172600,     -29.0886800,   5,    +18.958149,     +0.039157,          0
          ATLASJ029.9915-36.5658,                  44,     +29.9915479,     -36.5657230,   3,    +19.481367,     +0.019755,        128
          ATLASJ029.9915-36.5658,                  44,     +29.9915479,     -36.5657230,   5,    +19.229593,     +0.044849,        128
               SHELLQsJ0202-0251,                  45,     +30.7425417,      -2.8648889,   3,    +22.611390,     +0.480528,          0
               SHELLQsJ0202-0251,                  45,     +30.7425417,      -2.8648889,   4,    +21.481077,     +0.254108,          0
               SHELLQsJ0202-0251,                  45,     +30.7425417,      -2.8648889,   5,    +21.197514,     +0.270172,          0
                  ULASJ0203+0012,                  46,     +30.8849155,      +0.2081304,   3,    +19.697090,     +0.024275,          0
                  ULASJ0203+0012,                  46,     +30.8849155,      +0.2081304,   4,    +19.284523,     +0.043862,       4096
                  ULASJ0203+0012,                  46,     +30.8849155,      +0.2081304,   5,    +19.067142,     +0.028712,          0
                  SDSSJ0205-0955,                  47,     +31.4442916,      -9.9232500,   3,    +23.733349,     +1.393325,          0
                  SDSSJ0205-0955,                  47,     +31.4442916,      -9.9232500,   5,    +22.498716,     +1.081624,          0
               SHELLQsJ0206-0255,                  48,     +31.5466667,      -2.9271667,   3,    +21.096848,     +0.104752,          0
               SHELLQsJ0206-0255,                  48,     +31.5466667,      -2.9271667,   4,    +21.155266,     +0.165836,          0
               SHELLQsJ0206-0255,                  48,     +31.5466667,      -2.9271667,   5,    +20.758402,     +0.145611,          0
                  SDSSJ0208-0112,                  49,     +32.0179583,      -1.2095277,   3,    +20.762432,     +0.078122,          0
                  SDSSJ0208-0112,                  49,     +32.0179583,      -1.2095277,   4,    +20.972416,     +0.134242,          0
                  SDSSJ0208-0112,                  49,     +32.0179583,      -1.2095277,   5,    +20.859432,     +0.196468,          0
                 CFHQSJ0210-0456,                  50,     +32.5549580,      -4.9391388,   3,    +22.331650,     +0.351583,          0
                 CFHQSJ0210-0456,                  50,     +32.5549580,      -4.9391388,   4,    +22.612032,     +0.566269,          0
                 CFHQSJ0210-0456,                  50,     +32.5549580,      -4.9391388,   5,    +21.105059,     +0.227516,          0
                  SDSSJ0210+0003,                  51,     +32.7361249,      +0.0513056,   3,    +21.051413,     +0.048893,          0
                  SDSSJ0210+0003,                  51,     +32.7361249,      +0.0513056,   4,    +20.629492,     +0.165151,          0
                  SDSSJ0210+0003,                  51,     +32.7361249,      +0.0513056,   5,    +20.012304,     +0.039003,          0
               SHELLQsJ0211-0203,                  52,     +32.9355417,      -2.0510833,   3,    +23.248688,     +0.829644,          0
               SHELLQsJ0211-0203,                  52,     +32.9355417,      -2.0510833,   4,    +21.481417,     +0.274807,          0
               SHELLQsJ0211-0203,                  52,     +32.9355417,      -2.0510833,   5,    +22.510300,     +0.772580,          0
               SHELLQsJ0213-0626,                  53,     +33.3205833,      -6.4375556,   3,    +22.060514,     +0.238260,          0
               SHELLQsJ0213-0626,                  53,     +33.3205833,      -6.4375556,   4,    +24.475586,     +3.246963,          0
               SHELLQsJ0213-0626,                  53,     +33.3205833,      -6.4375556,   5,    +21.464880,     +0.281805,          0
                   MMTJ0215-0529,                  54,     +33.8469583,      -5.4960556,   1,    +20.816833,     +0.031771,    4194304
                   MMTJ0215-0529,                  54,     +33.8469583,      -5.4960556,   2,    +20.678259,     +0.009111,          0
                   MMTJ0215-0529,                  54,     +33.8469583,      -5.4960556,   3,    +20.554146,     +0.081743,        128
                   MMTJ0215-0529,                  54,     +33.8469583,      -5.4960556,   4,    +20.082150,     +0.080000,        128
                   MMTJ0215-0529,                  54,     +33.8469583,      -5.4960556,   5,    +20.382395,     +0.151781,        128
                 CFHQSJ0216-0455,                  56,     +34.1158750,      -4.9261388,   1,    +24.599064,     +0.072544,          0
                 CFHQSJ0216-0455,                  56,     +34.1158750,      -4.9261388,   2,    +26.641787,     +0.828466,          0
                 CFHQSJ0216-0455,                  56,     +34.1158750,      -4.9261388,   3, -9.999995E008, -9.999995E008,          0
                 CFHQSJ0216-0455,                  56,     +34.1158750,      -4.9261388,   4, -9.999995E008, -9.999995E008,          0
                 CFHQSJ0216-0455,                  56,     +34.1158750,      -4.9261388,   5, -9.999995E008, -9.999995E008,          0
               SHELLQsJ0217-0208,                  57,     +34.3399583,      -2.1479444,   3,    +24.272833,     +3.078886,          0
               SHELLQsJ0217-0208,                  57,     +34.3399583,      -2.1479444,   4,    +22.469915,     +1.014308,          0
               SHELLQsJ0217-0208,                  57,     +34.3399583,      -2.1479444,   5,    +22.370634,     +0.979070,          0
                  SDSSJ0218-0027,                  58,     +34.5878333,      -0.4626946,   3,    +20.899130,     +0.056903,          0
                  SDSSJ0218-0027,                  58,     +34.5878333,      -0.4626946,   4,    +21.121117,     +0.365647,          0
                  SDSSJ0218-0027,                  58,     +34.5878333,      -0.4626946,   5,    +20.446400,     +0.075054,          0
               SHELLQsJ0220-0432,                  59,     +35.1238333,      -4.5344444,   1,    +23.289675,     +0.205840,          0
               SHELLQsJ0220-0432,                  59,     +35.1238333,      -4.5344444,   2,    +23.528590,     +0.050945,          0
               SHELLQsJ0220-0432,                  59,     +35.1238333,      -4.5344444,   3,    +23.386720,     +0.066915,          0
               SHELLQsJ0220-0432,                  59,     +35.1238333,      -4.5344444,   4,    +23.348186,     +0.098209,          0
               SHELLQsJ0220-0432,                  59,     +35.1238333,      -4.5344444,   5,    +22.956537,     +0.104759,          0
                  MMTJ0221-0342A,                  60,     +35.3013333,      -3.7087778,   1,    +21.589684,     +0.056117,          0
                  MMTJ0221-0342A,                  60,     +35.3013333,      -3.7087778,   3,    +21.397210,     +0.123850,          0
                  MMTJ0221-0342A,                  60,     +35.3013333,      -3.7087778,   4,    +20.816133,     +0.107745,          0
                  MMTJ0221-0342A,                  60,     +35.3013333,      -3.7087778,   5,    +21.062502,     +0.142466,          0
                 SDSSJ0221-0342B,                  61,     +35.3025416,      -3.7145000,   1,    +19.404015,     +0.008158,          0
                 SDSSJ0221-0342B,                  61,     +35.3025416,      -3.7145000,   3,    +19.523941,     +0.022416,          0
                 SDSSJ0221-0342B,                  61,     +35.3025416,      -3.7145000,   4,    +19.130089,     +0.023164,          0
                 SDSSJ0221-0342B,                  61,     +35.3025416,      -3.7145000,   5,    +19.100779,     +0.023904,          0
                 CFHQSJ0221-0802,                  62,     +35.3446250,      -8.0476388,   3,    +22.102255,     +0.178284,          0
                 CFHQSJ0221-0802,                  62,     +35.3446250,      -8.0476388,   5,    +21.036413,     +0.200961,          0
                  VDESJ0224-4711,                  63,     +36.1105700,     -47.1914900,   3,    +19.727740,     +0.037308,          0
                  VDESJ0224-4711,                  63,     +36.1105700,     -47.1914900,   4,    +19.447170,     +0.053283,          0
                  VDESJ0224-4711,                  63,     +36.1105700,     -47.1914900,   5,    +18.938118,     +0.041804,          0
                 CFHQSJ0227-0605,                  65,     +36.9303750,      -6.0917222,   1,    +22.210335,     +0.082237,          0
                 CFHQSJ0227-0605,                  65,     +36.9303750,      -6.0917222,   2,    +22.091776,     +0.151424,          0
                 CFHQSJ0227-0605,                  65,     +36.9303750,      -6.0917222,   3,    +21.928265,     +0.136283,          0
                 CFHQSJ0227-0605,                  65,     +36.9303750,      -6.0917222,   4,    +21.944717,     +0.209255,          0
                 CFHQSJ0227-0605,                  65,     +36.9303750,      -6.0917222,   5,    +21.486689,     +0.184642,          0
                  SDSSJ0230+0046,                  66,     +37.5094583,      +0.7796667,   3,    +21.603785,     +0.184825,          0
                  SDSSJ0230+0046,                  66,     +37.5094583,      +0.7796667,   4,    +21.089582,     +0.171392,          0
                  SDSSJ0230+0046,                  66,     +37.5094583,      +0.7796667,   5,    +21.623913,     +0.382783,          0
                  SDSSJ0231-0728,                  67,     +37.9068333,      -7.4817778,   3,    +19.209880,     +0.019164,          0
                  SDSSJ0231-0728,                  67,     +37.9068333,      -7.4817778,   5,    +18.768183,     +0.040500,          0
            PSOJ037.9706-28.8389,                  68,     +37.9706570,     -28.8389110,   1,    +20.736692,     +0.036876,          0
            PSOJ037.9706-28.8389,                  68,     +37.9706570,     -28.8389110,   2,    +20.990744,     +0.084796,          0
            PSOJ037.9706-28.8389,                  68,     +37.9706570,     -28.8389110,   3,    +21.090107,     +0.114513,          0
            PSOJ037.9706-28.8389,                  68,     +37.9706570,     -28.8389110,   5,    +20.511658,     +0.153699,          0
               SHELLQsJ0235-0532,                  69,     +38.9267500,      -5.5448889,   3, -9.999995E008, -9.999995E008,          0
               SHELLQsJ0235-0532,                  69,     +38.9267500,      -5.5448889,   4,    +23.655592,     +1.648115,          0
               SHELLQsJ0235-0532,                  69,     +38.9267500,      -5.5448889,   5,    +22.563126,     +0.878681,          0
                  SDSSJ0239-0045,                  70,     +39.8760000,      -0.7514999,   3,    +22.349148,     +0.426583,        128
                  SDSSJ0239-0045,                  70,     +39.8760000,      -0.7514999,   4,    +21.515089,     +0.299950,        128
                  SDSSJ0239-0045,                  70,     +39.8760000,      -0.7514999,   5,    +21.193836,     +0.304360,        128
                  VDESJ0244-5008,                  73,     +41.0000000,     -50.1333333,   3, -9.999995E008, -9.999995E008,          0
                  VDESJ0244-5008,                  73,     +41.0000000,     -50.1333333,   4, -9.999995E008, -9.999995E008,          0
                  VDESJ0244-5008,                  73,     +41.0000000,     -50.1333333,   5, -9.999995E008, -9.999995E008,          0
            PSOJ042.6690-02.9174,                  74,     +42.6690900,      -2.9174500,   3,    +20.204905,     +0.055411,          0
            PSOJ042.6690-02.9174,                  74,     +42.6690900,      -2.9174500,   5,    +20.381166,     +0.163319,          0
            PSOJ045.1840-22.5408,                  76,     +45.1840820,     -22.5408850,   3,    +19.684473,     +0.032812,          0
            PSOJ045.1840-22.5408,                  76,     +45.1840820,     -22.5408850,   5,    +19.113081,     +0.052369,          0
                  SDSSJ0301+0020,                  77,     +45.3208749,      +0.3405556,   3,    +22.973793,     +0.823641,          0
                  SDSSJ0301+0020,                  77,     +45.3208749,      +0.3405556,   4, -9.999995E008, -9.999995E008,          0
                  SDSSJ0301+0020,                  77,     +45.3208749,      +0.3405556,   5,    +24.712524,     +8.022648,          0
                  SDSSJ0303-0019,                  78,     +45.8808330,      -0.3202499,   3,    +20.931501,     +0.127370,          0
                  SDSSJ0303-0019,                  78,     +45.8808330,      -0.3202499,   4,    +21.260100,     +0.216643,          0
                   VIKJ0305-3150,                  79,     +46.3204830,     -31.8488610,   1,    +23.041190,     +0.200634,          0
                   VIKJ0305-3150,                  79,     +46.3204830,     -31.8488610,   2,    +20.887642,     +0.059179,          0
                   VIKJ0305-3150,                  79,     +46.3204830,     -31.8488610,   3,    +20.637539,     +0.051098,          0
                   VIKJ0305-3150,                  79,     +46.3204830,     -31.8488610,   4,    +20.677227,     +0.082956,          0
                   VIKJ0305-3150,                  79,     +46.3204830,     -31.8488610,   5,    +20.265043,     +0.070250,          0
                  SDSSJ0321+0029,                  83,     +50.4794583,      +0.4948335,   3,    +21.354830,     +0.121544,          0
                  SDSSJ0321+0029,                  83,     +50.4794583,      +0.4948335,   4,    +20.800806,     +0.137712,          0
                  SDSSJ0321+0029,                  83,     +50.4794583,      +0.4948335,   5,    +21.039852,     +0.188226,          0
                  VDESJ0323-4701,                  84,     +50.9180833,     -47.0222583,   3,    +20.819464,     +0.108824,          0
                  VDESJ0323-4701,                  84,     +50.9180833,     -47.0222583,   4,    +20.750189,     +0.150313,          0
                  VDESJ0323-4701,                  84,     +50.9180833,     -47.0222583,   5,    +20.348470,     +0.156271,          0
                   VIKJ0328-3253,                  85,     +52.1479420,     -32.8896780,   1,    +19.851330,     +0.028200,       4096
                   VIKJ0328-3253,                  85,     +52.1479420,     -32.8896780,   2,    +20.067368,     +0.055978,          0
                   VIKJ0328-3253,                  85,     +52.1479420,     -32.8896780,   3,    +19.820713,     +0.043718,          0
                   VIKJ0328-3253,                  85,     +52.1479420,     -32.8896780,   4,    +19.815610,     +0.070173,          0
                   VIKJ0328-3253,                  85,     +52.1479420,     -32.8896780,   5,    +19.809143,     +0.081217,          0
                  VDESJ0330-4025,                  86,     +52.6163333,     -40.4212222,   3,    +20.446283,     +0.052711,          0
                  VDESJ0330-4025,                  86,     +52.6163333,     -40.4212222,   5,    +20.044943,     +0.117168,          0
                  SDSSJ0338+0021,                  88,     +54.6221249,      +0.3656388,   3,    +19.633791,     +0.040788,          0
                  SDSSJ0338+0021,                  88,     +54.6221249,      +0.3656388,   4,    +19.350803,     +0.059343,          0
                  SDSSJ0338+0021,                  88,     +54.6221249,      +0.3656388,   5,    +19.428375,     +0.065381,          0
                  SDSSJ0341-0048,                  89,     +55.4243750,      -0.8035444,   3,    +20.027626,     +0.054211,          0
                  SDSSJ0341-0048,                  89,     +55.4243750,      -0.8035444,   4,    +20.105816,     +0.077576,          0
                  SDSSJ0341-0048,                  89,     +55.4243750,      -0.8035444,   5,    +20.009186,     +0.099814,          0
                  SDSSJ0349+0034,                  92,     +57.4974999,      +0.5676388,   3,    +21.268827,     +0.134096,          0
                  SDSSJ0349+0034,                  92,     +57.4974999,      +0.5676388,   4,    +21.927784,     +0.413484,          0
                  SDSSJ0349+0034,                  92,     +57.4974999,      +0.5676388,   5,    +20.197410,     +0.102981,          0
                  SDSSJ0353+0104,                  93,     +58.4572136,      +1.0679614,   3,    +20.290335,     +0.068888,          0
                  SDSSJ0353+0104,                  93,     +58.4572136,      +1.0679614,   4,    +19.981302,     +0.082631,          0
                  SDSSJ0353+0104,                  93,     +58.4572136,      +1.0679614,   5,    +19.726310,     +0.082321,          0
                  VDESJ0408-5632,                  95,     +62.0801250,     -56.5413389,   3,    +19.851925,     +0.029861,          0
                  VDESJ0408-5632,                  95,     +62.0801250,     -56.5413389,   5,    +19.684063,     +0.073266,          0
                  VDESJ0410-4414,                  96,     +62.5134583,     -44.2446389,   3,    +20.692104,     +0.075025,          0
                  VDESJ0410-4414,                  96,     +62.5134583,     -44.2446389,   5,    +20.170110,     +0.137838,          0
                  VDESJ0420-4453,                  97,     +65.0472500,     -44.8899444,   3,    +20.550402,     +0.055901,          0
                  VDESJ0420-4453,                  97,     +65.0472500,     -44.8899444,   5,    +19.992760,     +0.100805,          0
            PSOJ065.4085-26.9543,                  98,     +65.4085370,     -26.9543351,   3,    +19.371216,     +0.021533,          0
            PSOJ065.4085-26.9543,                  98,     +65.4085370,     -26.9543351,   5,    +19.224216,     +0.048009,          0
            PSOJ071.4507-02.3332,                 101,     +71.4507500,      -2.3332900,   3,    +18.986000,     +0.030230,          0
            PSOJ071.4507-02.3332,                 101,     +71.4507500,      -2.3332900,   5,    +18.905754,     +0.052581,          0
                  VDESJ0454-4448,                 102,     +73.5074500,     -44.8086400,   3,    +20.197104,     +0.040816,          0
                  VDESJ0454-4448,                 102,     +73.5074500,     -44.8086400,   5,    +20.077162,     +0.110717,          0
            PSOJ075.9356-07.5061,                 103,     +75.9356600,      -7.5061300,   3,    +20.519785,     +0.136904,          0
            PSOJ075.9356-07.5061,                 103,     +75.9356600,      -7.5061300,   5,    +20.471000,     +0.261413,          0
               SHELLQsJ0834+0211,                 118,    +128.5036667,      +2.1963611,   3,    +23.147646,     +1.222795,        128
               SHELLQsJ0834+0211,                 118,    +128.5036667,      +2.1963611,   4,    +21.868702,     +0.455501,        128
               SHELLQsJ0834+0211,                 118,    +128.5036667,      +2.1963611,   5,    +21.902970,     +0.908691,          0
                  SDSSJ0836+0054,                 121,    +129.1827665,      +0.9147934,   1,    +18.786840,     +0.004361,          0
                  SDSSJ0836+0054,                 121,    +129.1827665,      +0.9147934,   2,    +18.810236,     +0.007334,          0
                  SDSSJ0836+0054,                 121,    +129.1827665,      +0.9147934,   3,    +18.625404,     +0.008075,          0
                  SDSSJ0836+0054,                 121,    +129.1827665,      +0.9147934,   4,    +18.330956,     +0.009514,          0
                  SDSSJ0836+0054,                 121,    +129.1827665,      +0.9147934,   5,    +18.109442,     +0.010191,          0
                   VIKJ0839+0015,                 122,    +129.9806500,      +0.2650583,   1,    +21.434795,     +0.052763,    4194432
                   VIKJ0839+0015,                 122,    +129.9806500,      +0.2650583,   2,    +21.091064,     +0.072476,          0
                   VIKJ0839+0015,                 122,    +129.9806500,      +0.2650583,   3,    +20.824009,     +0.072379,          0
                   VIKJ0839+0015,                 122,    +129.9806500,      +0.2650583,   5,    +20.431055,     +0.131567,          0
               SHELLQsJ0844-0132,                 126,    +131.0358750,      -1.5379167,   1,    +24.132498,     +0.515474,          0
               SHELLQsJ0844-0132,                 126,    +131.0358750,      -1.5379167,   2,    +23.485455,     +0.564391,          0
               SHELLQsJ0844-0132,                 126,    +131.0358750,      -1.5379167,   3,    +23.039345,     +0.462365,          0
               SHELLQsJ0844-0132,                 126,    +131.0358750,      -1.5379167,   4,    +22.809237,     +1.001488,          0
               SHELLQsJ0844-0132,                 126,    +131.0358750,      -1.5379167,   5, -9.999995E008, -9.999995E008,          0
               SHELLQsJ0844-0052,                 127,    +131.1316666,      -0.8818333,   1,    +23.342707,     +0.346504,          0
               SHELLQsJ0844-0052,                 127,    +131.1316666,      -0.8818333,   2,    +23.771952,     +1.079458,          0
               SHELLQsJ0844-0052,                 127,    +131.1316666,      -0.8818333,   3,    +23.053660,     +0.629424,          0
               SHELLQsJ0844-0052,                 127,    +131.1316666,      -0.8818333,   4,    +23.373932,     +2.141088,          0
               SHELLQsJ0844-0052,                 127,    +131.1316666,      -0.8818333,   5,    +22.489922,     +0.893071,          0
               SHELLQsJ0853+0139,                 130,    +133.4535000,      +1.6530556,   1,    +23.489400,     +0.280974,          0
               SHELLQsJ0853+0139,                 130,    +133.4535000,      +1.6530556,   2,    +23.655650,     +0.655517,          0
               SHELLQsJ0853+0139,                 130,    +133.4535000,      +1.6530556,   3,    +23.861620,     +1.084696,          0
               SHELLQsJ0853+0139,                 130,    +133.4535000,      +1.6530556,   4,    +22.440310,     +0.627114,          0
               SHELLQsJ0853+0139,                 130,    +133.4535000,      +1.6530556,   5, -9.999995E008, -9.999995E008,          0
               SHELLQsJ0857+0056,                 132,    +134.4105416,      +0.9368611,   1,    +24.608288,     +0.588486,          0
               SHELLQsJ0857+0056,                 132,    +134.4105416,      +0.9368611,   2,    +23.841180,     +1.025443,          0
               SHELLQsJ0857+0056,                 132,    +134.4105416,      +0.9368611,   3,    +23.811146,     +0.919334,          0
               SHELLQsJ0857+0056,                 132,    +134.4105416,      +0.9368611,   4,    +25.800066,     +6.991684,          0
               SHELLQsJ0857+0056,                 132,    +134.4105416,      +0.9368611,   5,    +23.262323,     +1.168662,          0
               SHELLQsJ0858+0000,                 133,    +134.5562917,      +0.0158611,   1,    +21.722147,     +0.047664,          0
               SHELLQsJ0858+0000,                 133,    +134.5562917,      +0.0158611,   3,    +21.295736,     +0.130832,          0
               SHELLQsJ0858+0000,                 133,    +134.5562917,      +0.0158611,   4,    +20.988642,     +0.105946,          0
               SHELLQsJ0858+0000,                 133,    +134.5562917,      +0.0158611,   5,    +20.948778,     +0.142316,          0
                   HSCJ0859+0022,                 134,    +134.7799583,      +0.3821944,   1,    +23.203968,     +0.225764,          0
                   HSCJ0859+0022,                 134,    +134.7799583,      +0.3821944,   3,    +23.518045,     +0.900732,          0
                   HSCJ0859+0022,                 134,    +134.7799583,      +0.3821944,   4,    +22.840227,     +0.506271,          0
                   HSCJ0859+0022,                 134,    +134.7799583,      +0.3821944,   5,    +22.399858,     +0.510589,          0
               SHELLQsJ0902+0155,                 138,    +135.7286250,      +1.9196944,   1,    +24.238335,     +0.445293,          0
               SHELLQsJ0902+0155,                 138,    +135.7286250,      +1.9196944,   2,    +25.962330,     +4.844164,          0
               SHELLQsJ0902+0155,                 138,    +135.7286250,      +1.9196944,   3,    +22.906897,     +0.406374,          0
               SHELLQsJ0902+0155,                 138,    +135.7286250,      +1.9196944,   4,    +23.334194,     +1.064698,          0
               SHELLQsJ0902+0155,                 138,    +135.7286250,      +1.9196944,   5, -9.999995E008, -9.999995E008,       4096
               SHELLQsJ0903+0211,                 139,    +135.8111666,      +2.1911944,   1,    +23.885260,     +0.302808,          0
               SHELLQsJ0903+0211,                 139,    +135.8111666,      +2.1911944,   2,    +23.645163,     +0.496870,          0
               SHELLQsJ0903+0211,                 139,    +135.8111666,      +2.1911944,   3,    +23.934143,     +0.852630,          0
               SHELLQsJ0903+0211,                 139,    +135.8111666,      +2.1911944,   4,    +22.847710,     +0.686847,          0
               SHELLQsJ0903+0211,                 139,    +135.8111666,      +2.1911944,   5,    +24.619314,     +3.309594,          0
            PSOJ135.8704-13.8336,                 140,    +135.8704568,     -13.8336863,   3,    +21.093433,     +0.201865,          0
            PSOJ135.8704-13.8336,                 140,    +135.8704568,     -13.8336863,   5,    +20.908796,     +0.385181,          0
               SHELLQsJ0905+0300,                 141,    +136.4360416,      +3.0163333,   1,    +23.808695,     +0.538732,    4194432
               SHELLQsJ0905+0300,                 141,    +136.4360416,      +3.0163333,   2, -9.999995E008, -9.999995E008,    4194432
               SHELLQsJ0905+0300,                 141,    +136.4360416,      +3.0163333,   3,    +22.184202,     +0.466389,          0
               SHELLQsJ0905+0300,                 141,    +136.4360416,      +3.0163333,   4,    +21.364850,     +0.311837,          0
               SHELLQsJ0905+0300,                 141,    +136.4360416,      +3.0163333,   5,    +21.950424,     +0.544996,          0
               SHELLQsJ0911+0152,                 144,    +137.8094583,      +1.8720556,   1, -9.999995E008, -9.999995E008,          0
               SHELLQsJ0911+0152,                 144,    +137.8094583,      +1.8720556,   2, -9.999995E008, -9.999995E008,          0
               SHELLQsJ0911+0152,                 144,    +137.8094583,      +1.8720556,   3, -9.999995E008, -9.999995E008,          0
               SHELLQsJ0911+0152,                 144,    +137.8094583,      +1.8720556,   4,    +24.280487,     +1.662960,          0
               SHELLQsJ0911+0152,                 144,    +137.8094583,      +1.8720556,   5, -9.999995E008, -9.999995E008,          0
               SHELLQsJ0918+0139,                 148,    +139.6382083,      +1.6564722,   1,    +23.816961,     +0.259667,          0
               SHELLQsJ0918+0139,                 148,    +139.6382083,      +1.6564722,   2,    +23.138477,     +0.305226,          0
               SHELLQsJ0918+0139,                 148,    +139.6382083,      +1.6564722,   3,    +23.151083,     +0.670264,          0
               SHELLQsJ0921+0007,                 149,    +140.3356667,      +0.1230278,   1,    +22.136747,     +0.094886,          0
               SHELLQsJ0921+0007,                 149,    +140.3356667,      +0.1230278,   2,    +21.293150,     +0.100149,          0
               SHELLQsJ0921+0007,                 149,    +140.3356667,      +0.1230278,   3,    +21.091438,     +0.123516,          0
               SHELLQsJ0921+0007,                 149,    +140.3356667,      +0.1230278,   5,    +20.394896,     +0.103077,          0
                  SDUVJ0935-0207,                 155,    +143.8471250,      -2.1317778,   2,    +20.063116,     +0.057744,          0
                  SDUVJ0935-0207,                 155,    +143.8471250,      -2.1317778,   3,    +20.014874,     +0.074199,          0
                  SDUVJ0935-0207,                 155,    +143.8471250,      -2.1317778,   4,    +19.854254,     +0.120992,          0
                  SDUVJ0935-0207,                 155,    +143.8471250,      -2.1317778,   5,    +19.809307,     +0.201194,          0
                  SDSSJ0959+0227,                 162,    +149.7837500,      +2.4520444,   2,    +24.201115,     +0.055539,          0
                  SDSSJ0959+0227,                 162,    +149.7837500,      +2.4520444,   3,    +24.178822,     +0.073188,          0
                  SDSSJ0959+0227,                 162,    +149.7837500,      +2.4520444,   4,    +23.631876,     +0.063330,          0
                  SDSSJ0959+0227,                 162,    +149.7837500,      +2.4520444,   5,    +23.443642,     +0.083984,          0
                  SDSSJ0959+0227,                 162,    +149.7837500,      +2.4520444,   9,    +24.570498,     +0.308642,          0
                  SDSSJ1000+0234,                 164,    +150.2145833,      +2.5826333,   2,    +26.352722,     +0.331073,          0
                  SDSSJ1000+0234,                 164,    +150.2145833,      +2.5826333,   3,    +26.977552,     +0.627560,          0
                  SDSSJ1000+0234,                 164,    +150.2145833,      +2.5826333,   4,    +29.001846,     +7.585392,          0
                  SDSSJ1000+0234,                 164,    +150.2145833,      +2.5826333,   5,    +26.540852,     +1.128015,          0
                  SDSSJ1000+0234,                 164,    +150.2145833,      +2.5826333,   9, -9.999995E008, -9.999995E008,          0
            PSOJ157.9070-02.6599,                 173,    +157.9070364,      -2.6599073,   1,    +20.189318,     +0.020801,          0
            PSOJ157.9070-02.6599,                 173,    +157.9070364,      -2.6599073,   2,    +20.243145,     +0.039861,          0
            PSOJ157.9070-02.6599,                 173,    +157.9070364,      -2.6599073,   3,    +20.263027,     +0.033885,          0
            PSOJ157.9070-02.6599,                 173,    +157.9070364,      -2.6599073,   4,    +20.091074,     +0.070917,          0
            PSOJ157.9070-02.6599,                 173,    +157.9070364,      -2.6599073,   5,    +19.824768,     +0.060083,          0
          ATLASJ158.6938-14.4211,                 176,    +158.6938000,     -14.4211000,   2,    +19.276260,     +0.052355,          0
          ATLASJ158.6938-14.4211,                 176,    +158.6938000,     -14.4211000,   3,    +19.272652,     +0.059964,          0
          ATLASJ158.6938-14.4211,                 176,    +158.6938000,     -14.4211000,   4,    +19.188805,     +0.077283,          0
          ATLASJ158.6938-14.4211,                 176,    +158.6938000,     -14.4211000,   5,    +18.679567,     +0.071054,          0
            PSOJ159.2257-02.5438,                 177,    +159.2257910,      -2.5438734,   1,    +20.234707,     +0.019136,          0
            PSOJ159.2257-02.5438,                 177,    +159.2257910,      -2.5438734,   3,    +20.087746,     +0.029456,          0
            PSOJ159.2257-02.5438,                 177,    +159.2257910,      -2.5438734,   4,    +19.947777,     +0.047509,          0
            PSOJ159.2257-02.5438,                 177,    +159.2257910,      -2.5438734,   5,    +19.567760,     +0.045443,          0
                  SDSSJ1040-1155,                 178,    +160.2025000,     -11.9306111,   2,    +21.972998,     +0.419943,          0
                  SDSSJ1040-1155,                 178,    +160.2025000,     -11.9306111,   3,    +21.590462,     +0.400756,          0
                  SDSSJ1040-1155,                 178,    +160.2025000,     -11.9306111,   4,    +22.148300,     +1.176629,          0
                  SDSSJ1040-1155,                 178,    +160.2025000,     -11.9306111,   5,    +20.490602,     +0.635070,          0
                  SDSSJ1044-0125,                 180,    +161.1376700,      -1.4172777,   1,    +19.315666,     +0.008164,          0
                  SDSSJ1044-0125,                 180,    +161.1376700,      -1.4172777,   2,    +19.301428,     +0.015669,          0
                  SDSSJ1044-0125,                 180,    +161.1376700,      -1.4172777,   3,    +19.144167,     +0.009747,          0
                  SDSSJ1044-0125,                 180,    +161.1376700,      -1.4172777,   4,    +19.082062,     +0.014863,          0
                  SDSSJ1044-0125,                 180,    +161.1376700,      -1.4172777,   5,    +18.879965,     +0.022498,          0
                  DELSJ1048-0109,                 181,    +162.0829167,      -1.1611694,   1,    +20.257017,     +0.016021,          0
                  DELSJ1048-0109,                 181,    +162.0829167,      -1.1611694,   2,    +19.940233,     +0.024917,          0
                  DELSJ1048-0109,                 181,    +162.0829167,      -1.1611694,   3,    +19.521269,     +0.019117,          0
                  DELSJ1048-0109,                 181,    +162.0829167,      -1.1611694,   4,    +19.163494,     +0.026411,          0
                  DELSJ1048-0109,                 181,    +162.0829167,      -1.1611694,   5,    +18.885937,     +0.024254,          0
                 CFHQSJ1059-0906,                 186,    +164.8692000,      -9.1056666,   2,    +21.699652,     +0.319767,          0
                 CFHQSJ1059-0906,                 186,    +164.8692000,      -9.1056666,   3,    +20.345180,     +0.103771,          0
                 CFHQSJ1059-0906,                 186,    +164.8692000,      -9.1056666,   4,    +21.734686,     +0.581143,          0
                 CFHQSJ1059-0906,                 186,    +164.8692000,      -9.1056666,   5,    +20.833149,     +0.365261,          0
            PSOJ167.6415-13.4960,                 189,    +167.6415660,     -13.4959995,   2,    +20.890833,     +0.144198,          0
            PSOJ167.6415-13.4960,                 189,    +167.6415660,     -13.4959995,   3,    +20.589470,     +0.123343,          0
            PSOJ167.6415-13.4960,                 189,    +167.6415660,     -13.4959995,   4,    +21.728682,     +0.523225,          0
            PSOJ167.6415-13.4960,                 189,    +167.6415660,     -13.4959995,   5,    +20.227541,     +0.197926,          0
                  SDSSJ1123-0044,                 193,    +170.7964583,      -0.7385111,   4,    +19.928110,     +0.053704,          0
                  SDSSJ1123-0044,                 193,    +170.7964583,      -0.7385111,   5,    +19.630669,     +0.049883,          0
            PSOJ174.7920-12.2845,                 202,    +174.7920407,     -12.2845492,   2,    +20.537693,     +0.103293,          0
            PSOJ174.7920-12.2845,                 202,    +174.7920407,     -12.2845492,   3,    +20.198420,     +0.087111,          0
            PSOJ174.7920-12.2845,                 202,    +174.7920407,     -12.2845492,   4,    +20.397346,     +0.159558,          0
            PSOJ174.7920-12.2845,                 202,    +174.7920407,     -12.2845492,   5,    +19.636200,     +0.111474,          0
            PSOJ175.4091-20.2654,                 203,    +175.4091843,     -20.2654580,   2,    +20.199057,     +0.059542,          0
            PSOJ175.4091-20.2654,                 203,    +175.4091843,     -20.2654580,   3,    +19.941484,     +0.078015,          0
            PSOJ175.4091-20.2654,                 203,    +175.4091843,     -20.2654580,   5,    +19.645262,     +0.132747,          0
               SHELLQsJ1146-0154,                 205,    +176.6360833,      -1.9106389,   1,    +23.197163,     +0.308131,          0
               SHELLQsJ1146-0154,                 205,    +176.6360833,      -1.9106389,   3,    +22.302336,     +0.415949,          0
               SHELLQsJ1146-0154,                 205,    +176.6360833,      -1.9106389,   4, -9.999995E008, -9.999995E008,          0
               SHELLQsJ1146-0154,                 205,    +176.6360833,      -1.9106389,   5,    +23.065165,     +0.992367,          0
               SHELLQsJ1146+0124,                 206,    +176.7017500,      +1.4055833,   2, -9.999995E008, -9.999995E008,          0
               SHELLQsJ1146+0124,                 206,    +176.7017500,      +1.4055833,   3,    +22.503328,     +0.314985,          0
               SHELLQsJ1146+0124,                 206,    +176.7017500,      +1.4055833,   4, -9.999995E008, -9.999995E008,          0
               SHELLQsJ1146-0005,                 208,    +176.7453750,      -0.0938056,   1, -9.999995E008, -9.999995E008,          0
               SHELLQsJ1146-0005,                 208,    +176.7453750,      -0.0938056,   2,    +25.274221,     +4.185306,          0
               SHELLQsJ1146-0005,                 208,    +176.7453750,      -0.0938056,   3,    +23.456490,     +0.619389,          0
               SHELLQsJ1146-0005,                 208,    +176.7453750,      -0.0938056,   4,    +22.319937,     +0.585418,          0
               SHELLQsJ1146-0005,                 208,    +176.7453750,      -0.0938056,   5,    +22.693718,     +0.630852,          0
                  SDUVJ1147-0109,                 209,    +176.7767083,      -1.1661667,   1,    +19.324484,     +0.008875,          0
                  SDUVJ1147-0109,                 209,    +176.7767083,      -1.1661667,   3,    +18.954493,     +0.020317,          0
                  SDUVJ1147-0109,                 209,    +176.7767083,      -1.1661667,   4,    +18.815884,     +0.018021,          0
                  SDUVJ1147-0109,                 209,    +176.7767083,      -1.1661667,   5,    +18.851719,     +0.023860,          0
                   VIKJ1148+0056,                 214,    +177.1382500,      +0.9450722,   1,    +21.796130,     +0.060810,          0
                   VIKJ1148+0056,                 214,    +177.1382500,      +0.9450722,   2,    +21.332718,     +0.065975,          0
                   VIKJ1148+0056,                 214,    +177.1382500,      +0.9450722,   3,    +21.550240,     +0.086432,          0
                   VIKJ1148+0056,                 214,    +177.1382500,      +0.9450722,   4,    +21.306458,     +0.240560,          0
                   VIKJ1148+0056,                 214,    +177.1382500,      +0.9450722,   5,    +21.149403,     +0.158981,          0
                   VIKJ1152+0055,                 216,    +178.0886300,      +0.9268583,   1,    +22.154480,     +0.078813,          0
                   VIKJ1152+0055,                 216,    +178.0886300,      +0.9268583,   2,    +21.713463,     +0.099973,          0
                   VIKJ1152+0055,                 216,    +178.0886300,      +0.9268583,   3,    +21.494259,     +0.096383,          0
                   VIKJ1152+0055,                 216,    +178.0886300,      +0.9268583,   4,    +21.517618,     +0.204196,          0
                   VIKJ1152+0055,                 216,    +178.0886300,      +0.9268583,   5,    +21.225876,     +0.324321,          0
            PSOJ178.5594-12.1881,                 217,    +178.5594134,     -12.1881893,   2,    +21.195917,     +0.201809,          0
            PSOJ178.5594-12.1881,                 217,    +178.5594134,     -12.1881893,   3,    +20.340350,     +0.102135,          0
            PSOJ178.5594-12.1881,                 217,    +178.5594134,     -12.1881893,   4,    +20.422703,     +0.224435,          0
            PSOJ178.5594-12.1881,                 217,    +178.5594134,     -12.1881893,   5,    +20.269688,     +0.213888,          0
               SHELLQsJ1201+0133,                 221,    +180.2625833,      +1.5656667,   3,    +23.767183,     +1.375316,          0
               SHELLQsJ1201+0133,                 221,    +180.2625833,      +1.5656667,   4,    +22.501091,     +0.497062,          0
               SHELLQsJ1201+0133,                 221,    +180.2625833,      +1.5656667,   5,    +22.405018,     +0.571125,          0
                   HSCJ1202-0057,                 223,    +180.6932083,      -0.9504722,   1,    +24.148207,     +0.468203,          0
                   HSCJ1202-0057,                 223,    +180.6932083,      -0.9504722,   2,    +24.750750,     +1.333356,          0
                   HSCJ1202-0057,                 223,    +180.6932083,      -0.9504722,   3,    +25.155264,     +2.754747,          0
                   HSCJ1202-0057,                 223,    +180.6932083,      -0.9504722,   4,    +23.040556,     +0.850859,          0
                   HSCJ1202-0057,                 223,    +180.6932083,      -0.9504722,   5,    +24.195879,     +2.527339,          0
                  SDSSJ1204-0021,                 224,    +181.1738947,      -0.3637859,   1,    +19.133009,     +0.005591,          0
                  SDSSJ1204-0021,                 224,    +181.1738947,      -0.3637859,   2,    +19.064495,     +0.010367,          0
                  SDSSJ1204-0021,                 224,    +181.1738947,      -0.3637859,   3,    +19.018606,     +0.011244,          0
                  SDSSJ1204-0021,                 224,    +181.1738947,      -0.3637859,   4,    +18.807144,     +0.024450,          0
                  SDSSJ1204-0021,                 224,    +181.1738947,      -0.3637859,   5,    +18.773250,     +0.026686,          0
                   HSCJ1205-0000,                 225,    +181.2712417,      -0.0077694,   1, -9.999995E008, -9.999995E008,          0
                   HSCJ1205-0000,                 225,    +181.2712417,      -0.0077694,   2,    +22.828060,     +0.207626,          0
                   HSCJ1205-0000,                 225,    +181.2712417,      -0.0077694,   3,    +22.137585,     +0.131521,          0
                   HSCJ1205-0000,                 225,    +181.2712417,      -0.0077694,   4,    +21.540363,     +0.173453,          0
                   HSCJ1205-0000,                 225,    +181.2712417,      -0.0077694,   5,    +20.768347,     +0.103843,          0
                   HSCJ1207-0005,                 227,    +181.9755833,      -0.0981389,   1,    +23.791240,     +0.380267,          0
                   HSCJ1207-0005,                 227,    +181.9755833,      -0.0981389,   2,    +24.928637,     +2.326866,          0
                   HSCJ1207-0005,                 227,    +181.9755833,      -0.0981389,   3, -9.999995E008, -9.999995E008,          0
                   HSCJ1207-0005,                 227,    +181.9755833,      -0.0981389,   5, -9.999995E008, -9.999995E008,          0
                  SDSSJ1208+0010,                 228,    +182.0992500,      +0.1743611,   1,    +20.421633,     +0.020739,          0
                  SDSSJ1208+0010,                 228,    +182.0992500,      +0.1743611,   2,    +20.340164,     +0.043190,          0
                  SDSSJ1208+0010,                 228,    +182.0992500,      +0.1743611,   3,    +20.347600,     +0.046886,          0
               SHELLQsJ1208-0200,                 230,    +182.2467917,      -2.0096667,   1,    +22.548325,     +0.116124,          0
               SHELLQsJ1208-0200,                 230,    +182.2467917,      -2.0096667,   2,    +22.275873,     +0.171708,          0
               SHELLQsJ1208-0200,                 230,    +182.2467917,      -2.0096667,   3,    +21.939049,     +0.175466,          0
               SHELLQsJ1208-0200,                 230,    +182.2467917,      -2.0096667,   4,    +22.758312,     +1.254496,          0
               SHELLQsJ1208-0200,                 230,    +182.2467917,      -2.0096667,   5,    +21.415450,     +0.199671,          0
               SHELLQsJ1209-0006,                 231,    +182.3499583,      -0.1129167,   1,    +24.842545,     +0.837997,          0
               SHELLQsJ1209-0006,                 231,    +182.3499583,      -0.1129167,   2, -9.999995E008, -9.999995E008,          0
               SHELLQsJ1209-0006,                 231,    +182.3499583,      -0.1129167,   3,    +23.802135,     +0.749336,          0
               SHELLQsJ1209-0006,                 231,    +182.3499583,      -0.1129167,   5, -9.999995E008, -9.999995E008,          0
            PSOJ183.2991-12.7676,                 234,    +183.2991900,     -12.7676240,   2,    +19.229220,     +0.028639,          0
            PSOJ183.2991-12.7676,                 234,    +183.2991900,     -12.7676240,   3,    +19.074205,     +0.026165,          0
            PSOJ183.2991-12.7676,                 234,    +183.2991900,     -12.7676240,   4,    +19.102676,     +0.035047,          0
            PSOJ183.2991-12.7676,                 234,    +183.2991900,     -12.7676240,   5,    +19.099407,     +0.066338,          0
                   VIKJ1215+0023,                 235,    +183.8202986,      +0.3901834,   3,    +21.262245,     +0.088206,          0
                   VIKJ1215+0023,                 235,    +183.8202986,      +0.3901834,   4,    +21.250792,     +0.171275,          0
                   VIKJ1215+0023,                 235,    +183.8202986,      +0.3901834,   5,    +20.979567,     +0.193897,          0
            PSOJ184.3389+01.5284,                 236,    +184.3389334,      +1.5284636,   1,    +21.084806,     +0.030585,          0
            PSOJ184.3389+01.5284,                 236,    +184.3389334,      +1.5284636,   2,    +21.215963,     +0.077853,          0
            PSOJ184.3389+01.5284,                 236,    +184.3389334,      +1.5284636,   3,    +21.105286,     +0.104305,          0
            PSOJ184.3389+01.5284,                 236,    +184.3389334,      +1.5284636,   4,    +21.081915,     +0.120037,          0
            PSOJ184.3389+01.5284,                 236,    +184.3389334,      +1.5284636,   5,    +20.711756,     +0.119477,          0
               SHELLQsJ1219+0050,                 237,    +184.7722500,      +0.8437500,   3,    +22.070265,     +0.327022,          0
            PSOJ187.1047-02.5609,                 240,    +187.1047900,      -2.5609033,   1,    +21.023653,     +0.034033,          0
            PSOJ187.1047-02.5609,                 240,    +187.1047900,      -2.5609033,   2,    +20.911974,     +0.057443,          0
            PSOJ187.1047-02.5609,                 240,    +187.1047900,      -2.5609033,   3,    +20.879326,     +0.054668,          0
            PSOJ187.1047-02.5609,                 240,    +187.1047900,      -2.5609033,   4,    +20.678259,     +0.102424,          0
            PSOJ187.1047-02.5609,                 240,    +187.1047900,      -2.5609033,   5,    +20.425650,     +0.099245,          0
                  SDSSJ1233+0622,                 242,    +188.3894733,      +6.3761650,   3,    +19.734686,     +0.023658,         64
                  SDSSJ1233+0622,                 242,    +188.3894733,      +6.3761650,   5,    +19.198687,     +0.021144,         64
                  SDSSJ1306+0356,                 249,    +196.5344701,      +3.9406556,   1,    +19.531744,     +0.014035,        128
                  SDSSJ1306+0356,                 249,    +196.5344701,      +3.9406556,   2,    +20.036955,     +0.044328,        128
                  SDSSJ1306+0356,                 249,    +196.5344701,      +3.9406556,   3,    +19.682003,     +0.040690,        128
                  SDSSJ1306+0356,                 249,    +196.5344701,      +3.9406556,   4,    +19.622608,     +0.054243,        128
                  SDSSJ1306+0356,                 249,    +196.5344701,      +3.9406556,   5,    +19.362782,     +0.049320,        128
                  SDUVJ1317-0239,                 251,    +199.3365833,      -2.6536111,   1,    +20.770355,     +0.025432,          0
                  SDUVJ1317-0239,                 251,    +199.3365833,      -2.6536111,   2,    +20.563093,     +0.039474,          0
                  SDUVJ1317-0239,                 251,    +199.3365833,      -2.6536111,   3,    +20.529652,     +0.043454,          0
                  SDUVJ1317-0239,                 251,    +199.3365833,      -2.6536111,   4,    +20.217043,     +0.073094,          0
                  SDUVJ1317-0239,                 251,    +199.3365833,      -2.6536111,   5,    +20.284445,     +0.088819,          0
                  SDUVJ1335-0328,                 257,    +203.9843333,      -3.4772778,   1,    +18.814646,     +0.005495,          0
                  SDUVJ1335-0328,                 257,    +203.9843333,      -3.4772778,   2,    +18.608050,     +0.008496,          0
                  SDUVJ1335-0328,                 257,    +203.9843333,      -3.4772778,   3,    +18.635723,     +0.008632,          0
                  SDUVJ1335-0328,                 257,    +203.9843333,      -3.4772778,   4,    +18.537205,     +0.016918,          0
                  SDUVJ1335-0328,                 257,    +203.9843333,      -3.4772778,   5,    +18.324743,     +0.015248,          0
            PSOJ209.2058-26.7083,                 265,    +209.2058560,     -26.7083970,   2,    +19.422857,     +0.027349,          0
            PSOJ209.2058-26.7083,                 265,    +209.2058560,     -26.7083970,   3,    +19.435356,     +0.041334,          0
            PSOJ209.2058-26.7083,                 265,    +209.2058560,     -26.7083970,   5,    +19.152845,     +0.074785,          0
               SHELLQsJ1400-0011,                 267,    +210.1199583,      -0.1976389,   1,    +24.170992,     +0.632566,          0
               SHELLQsJ1400-0011,                 267,    +210.1199583,      -0.1976389,   2,    +23.678091,     +0.739849,          0
               SHELLQsJ1400-0011,                 267,    +210.1199583,      -0.1976389,   3,    +22.347992,     +0.287432,        128
               SHELLQsJ1400-0011,                 267,    +210.1199583,      -0.1976389,   4, -9.999995E008, -9.999995E008,          0
               SHELLQsJ1400-0011,                 267,    +210.1199583,      -0.1976389,   5,    +23.530487,     +3.408934,          0
               SHELLQsJ1400-0125,                 268,    +210.1249583,      -1.4225000,   1,    +23.441216,     +0.270766,          0
               SHELLQsJ1400-0125,                 268,    +210.1249583,      -1.4225000,   2,    +22.783562,     +0.300766,          0
               SHELLQsJ1400-0125,                 268,    +210.1249583,      -1.4225000,   3,    +22.696913,     +0.298625,          0
               SHELLQsJ1400-0125,                 268,    +210.1249583,      -1.4225000,   4,    +22.268663,     +0.399633,          0
               SHELLQsJ1400-0125,                 268,    +210.1249583,      -1.4225000,   5,    +22.117924,     +0.415930,          0
            PSOJ210.8722-12.0094,                 272,    +210.8722200,     -12.0094820,   2,    +20.707478,     +0.122577,          0
            PSOJ210.8722-12.0094,                 272,    +210.8722200,     -12.0094820,   3,    +20.341219,     +0.099995,          0
            PSOJ210.8722-12.0094,                 272,    +210.8722200,     -12.0094820,   4,    +20.680164,     +0.257293,          0
            PSOJ210.8722-12.0094,                 272,    +210.8722200,     -12.0094820,   5,    +21.335703,     +0.498425,          0
               SHELLQsJ1406-0116,                 273,    +211.6213333,      -1.2697778,   1,    +23.058815,     +0.126100,          0
               SHELLQsJ1406-0116,                 273,    +211.6213333,      -1.2697778,   2,    +22.097008,     +0.108694,          0
               SHELLQsJ1406-0116,                 273,    +211.6213333,      -1.2697778,   3,    +21.813728,     +0.097828,          0
               SHELLQsJ1406-0116,                 273,    +211.6213333,      -1.2697778,   4,    +21.931944,     +0.234002,          0
               SHELLQsJ1406-0116,                 273,    +211.6213333,      -1.2697778,   5,    +21.775295,     +0.221697,          0
               SHELLQsJ1406-0144,                 274,    +211.6953333,      -1.7340556,   1,    +23.895275,     +0.332082,          0
               SHELLQsJ1406-0144,                 274,    +211.6953333,      -1.7340556,   2, -9.999995E008, -9.999995E008,          0
               SHELLQsJ1406-0144,                 274,    +211.6953333,      -1.7340556,   3,    +22.671343,     +0.260375,          0
               SHELLQsJ1406-0144,                 274,    +211.6953333,      -1.7340556,   4,    +22.599718,     +0.510522,          0
               SHELLQsJ1406-0144,                 274,    +211.6953333,      -1.7340556,   5,    +22.601050,     +0.624952,          0
            PSOJ212.2974-15.9865,                 276,    +212.2974337,     -15.9865717,   2,    +22.230370,     +0.658685,       4096
            PSOJ212.2974-15.9865,                 276,    +212.2974337,     -15.9865717,   3,    +20.634247,     +0.186165,       4096
            PSOJ212.2974-15.9865,                 276,    +212.2974337,     -15.9865717,   4,    +21.290306,     +0.443147,       4096
            PSOJ212.2974-15.9865,                 276,    +212.2974337,     -15.9865717,   5,    +20.525879,     +0.306337,       4096
            PSOJ213.3629-22.5617,                 278,    +213.3629900,     -22.5617370,   2,    +19.714493,     +0.042984,          0
            PSOJ213.3629-22.5617,                 278,    +213.3629900,     -22.5617370,   3,    +19.805607,     +0.064570,          0
            PSOJ213.3629-22.5617,                 278,    +213.3629900,     -22.5617370,   5,    +19.377697,     +0.094756,          0
               SHELLQsJ1414+0130,                 281,    +213.6647500,      +1.5101389,   1,    +22.747997,     +0.134708,          0
               SHELLQsJ1414+0130,                 281,    +213.6647500,      +1.5101389,   2,    +23.111073,     +0.391474,          0
               SHELLQsJ1414+0130,                 281,    +213.6647500,      +1.5101389,   3,    +23.938908,     +0.959899,          0
               SHELLQsJ1414+0130,                 281,    +213.6647500,      +1.5101389,   4,    +24.082365,     +3.044509,          0
               SHELLQsJ1414+0130,                 281,    +213.6647500,      +1.5101389,   5,    +23.817812,     +2.426976,          0
            PSOJ213.7329-13.4803,                 283,    +213.7329225,     -13.4803543,   2,    +20.664387,     +0.121977,          0
            PSOJ213.7329-13.4803,                 283,    +213.7329225,     -13.4803543,   3,    +21.008108,     +0.184276,          0
            PSOJ213.7329-13.4803,                 283,    +213.7329225,     -13.4803543,   4,    +20.501348,     +0.159537,          0
            PSOJ213.7329-13.4803,                 283,    +213.7329225,     -13.4803543,   5,    +20.296380,     +0.174488,          0
               SHELLQsJ1416+0015,                 284,    +214.0529583,      +0.2628333,   1, -9.999995E008, -9.999995E008,          0
               SHELLQsJ1416+0015,                 284,    +214.0529583,      +0.2628333,   2,    +24.153380,     +1.237753,          0
               SHELLQsJ1416+0015,                 284,    +214.0529583,      +0.2628333,   3,    +24.134789,     +1.139895,          0
               SHELLQsJ1416+0147,                 285,    +214.2208750,      +1.7839444,   1,    +23.556990,     +0.271175,          0
               SHELLQsJ1416+0147,                 285,    +214.2208750,      +1.7839444,   2,    +23.872486,     +0.752955,          0
               SHELLQsJ1416+0147,                 285,    +214.2208750,      +1.7839444,   3,    +23.241665,     +0.487681,          0
               SHELLQsJ1416+0147,                 285,    +214.2208750,      +1.7839444,   4,    +22.318913,     +0.502502,          0
               SHELLQsJ1416+0147,                 285,    +214.2208750,      +1.7839444,   5, -9.999995E008, -9.999995E008,          0
               SHELLQsJ1417+0117,                 286,    +214.3694583,      +1.2867778,   1,    +24.400713,     +0.589144,          0
               SHELLQsJ1417+0117,                 286,    +214.3694583,      +1.2867778,   2,    +23.460182,     +0.512464,          0
               SHELLQsJ1417+0117,                 286,    +214.3694583,      +1.2867778,   3,    +23.717840,     +0.739754,          0
               SHELLQsJ1417+0117,                 286,    +214.3694583,      +1.2867778,   4,    +21.909260,     +0.326018,          0
               SHELLQsJ1417+0117,                 286,    +214.3694583,      +1.2867778,   5, -9.999995E008, -9.999995E008,          0
            PSOJ215.1514-16.0417,                 288,    +215.1514300,     -16.0417350,   2,    +19.242401,     +0.031551,          0
            PSOJ215.1514-16.0417,                 288,    +215.1514300,     -16.0417350,   3,    +18.822090,     +0.023106,          0
            PSOJ215.1514-16.0417,                 288,    +215.1514300,     -16.0417350,   4,    +18.681084,     +0.030970,          0
            PSOJ215.1514-16.0417,                 288,    +215.1514300,     -16.0417350,   5,    +18.629915,     +0.042247,          0
               SHELLQsJ1422+0011,                 289,    +215.5009583,      +0.1841667,   1,    +24.589624,     +0.877529,          0
               SHELLQsJ1422+0011,                 289,    +215.5009583,      +0.1841667,   3,    +22.657896,     +0.511949,          0
               SHELLQsJ1422+0011,                 289,    +215.5009583,      +0.1841667,   5,    +25.772602,    +10.340748,          0
               SHELLQsJ1423-0018,                 291,    +215.8821250,      -0.3025278,   1,    +24.127552,     +0.500189,          0
               SHELLQsJ1423-0018,                 291,    +215.8821250,      -0.3025278,   2, -9.999995E008, -9.999995E008,          0
               SHELLQsJ1423-0018,                 291,    +215.8821250,      -0.3025278,   3,    +24.847166,     +2.297304,          0
               SHELLQsJ1423-0018,                 291,    +215.8821250,      -0.3025278,   4,    +23.489828,     +1.800622,          0
               SHELLQsJ1423-0018,                 291,    +215.8821250,      -0.3025278,   5,    +23.824080,     +2.429214,          0
               SHELLQsJ1425-0015,                 293,    +216.3238333,      -0.2613611,   1,    +22.893316,     +0.155353,          0
               SHELLQsJ1425-0015,                 293,    +216.3238333,      -0.2613611,   2,    +23.861448,     +0.815974,          0
               SHELLQsJ1425-0015,                 293,    +216.3238333,      -0.2613611,   3,    +23.454735,     +0.673543,          0
               SHELLQsJ1425-0015,                 293,    +216.3238333,      -0.2613611,   4,    +23.872295,     +2.153537,          0
               SHELLQsJ1425-0015,                 293,    +216.3238333,      -0.2613611,   5,    +22.116323,     +0.469411,          0
                 FIRSTJ1427+3312,                 295,    +216.9107900,     +33.2116660,  10, -1.999999E009, -9.999995E008,          0
            PSOJ217.0891-16.0453,                 296,    +217.0891328,     -16.0453608,   2,    +20.020273,     +0.054545,          0
            PSOJ217.0891-16.0453,                 296,    +217.0891328,     -16.0453608,   3,    +19.714058,     +0.046124,          0
            PSOJ217.0891-16.0453,                 296,    +217.0891328,     -16.0453608,   4,    +19.729218,     +0.065423,          0
            PSOJ217.0891-16.0453,                 296,    +217.0891328,     -16.0453608,   5,    +19.374454,     +0.076159,          0
               SHELLQsJ1429-0104,                 297,    +217.2628333,      -1.0787222,   1, -9.999995E008, -9.999995E008,          0
               SHELLQsJ1429-0104,                 297,    +217.2628333,      -1.0787222,   2, -9.999995E008, -9.999995E008,          0
               SHELLQsJ1429-0104,                 297,    +217.2628333,      -1.0787222,   3, -9.999995E008, -9.999995E008,          0
               SHELLQsJ1429-0104,                 297,    +217.2628333,      -1.0787222,   4,    +23.816654,     +2.017260,          0
               SHELLQsJ1429-0104,                 297,    +217.2628333,      -1.0787222,   5,    +23.040890,     +1.072998,          0
               SHELLQsJ1429-0002,                 298,    +217.2925833,      -0.0353889,   1, -9.999995E008, -9.999995E008,       4096
               SHELLQsJ1429-0002,                 298,    +217.2925833,      -0.0353889,   2,    +27.122618,    +22.934070,       4096
               SHELLQsJ1429-0002,                 298,    +217.2925833,      -0.0353889,   3, -9.999995E008, -9.999995E008,          0
               SHELLQsJ1429-0002,                 298,    +217.2925833,      -0.0353889,   4, -9.999995E008, -9.999995E008,          0
               SHELLQsJ1429-0002,                 298,    +217.2925833,      -0.0353889,   5, -9.999995E008, -9.999995E008,          0
                  SDSSJ1429+3304,                 299,    +217.4082083,     +33.0711667,  10, -1.999999E009, -9.999995E008,          0
            PSOJ217.9185-07.4120,                 301,    +217.9185333,      -7.4120745,   2,    +20.325933,     +0.079707,          0
            PSOJ217.9185-07.4120,                 301,    +217.9185333,      -7.4120745,   3,    +19.851540,     +0.054118,          0
            PSOJ217.9185-07.4120,                 301,    +217.9185333,      -7.4120745,   4,    +19.843302,     +0.091421,          0
            PSOJ217.9185-07.4120,                 301,    +217.9185333,      -7.4120745,   5,    +19.822319,     +0.111620,          0
               SHELLQsJ1440-0107,                 306,    +220.0054167,      -1.1172778,   1, -9.999995E008, -9.999995E008,          0
               SHELLQsJ1440-0107,                 306,    +220.0054167,      -1.1172778,   2,    +22.970459,     +0.417649,          0
               SHELLQsJ1440-0107,                 306,    +220.0054167,      -1.1172778,   3,    +24.854576,     +2.091329,          0
               SHELLQsJ1440-0107,                 306,    +220.0054167,      -1.1172778,   4,    +23.273632,     +0.833998,          0
               SHELLQsJ1440-0107,                 306,    +220.0054167,      -1.1172778,   5,    +22.411528,     +0.496242,          0
                 CFHQSJ1509-1749,                 308,    +227.4240800,     -17.8241110,   2,    +19.795158,     +0.031323,          0
                 CFHQSJ1509-1749,                 308,    +227.4240800,     -17.8241110,   3,    +19.745800,     +0.039710,          0
                 CFHQSJ1509-1749,                 308,    +227.4240800,     -17.8241110,   5,    +19.486485,     +0.076862,          0
            PSOJ231.6576-20.8335,                 315,    +231.6576708,     -20.8335167,   3,    +19.599580,     +0.049744,          0
            PSOJ231.6576-20.8335,                 315,    +231.6576708,     -20.8335167,   5,    +19.532070,     +0.091739,          0
            PSOJ238.8510-06.8976,                 323,    +238.8510335,      -6.8976629,   2,    +20.210308,     +0.081407,          0
            PSOJ238.8510-06.8976,                 323,    +238.8510335,      -6.8976629,   3,    +20.420479,     +0.128415,          0
            PSOJ238.8510-06.8976,                 323,    +238.8510335,      -6.8976629,   4,    +20.513647,     +0.275975,          0
            PSOJ238.8510-06.8976,                 323,    +238.8510335,      -6.8976629,   5,    +20.702843,     +0.305510,          0
            PSOJ239.7124-07.4026,                 324,    +239.7124609,      -7.4026641,   2,    +19.557150,     +0.040722,          0
            PSOJ239.7124-07.4026,                 324,    +239.7124609,      -7.4026641,   3,    +19.374279,     +0.038702,          0
            PSOJ239.7124-07.4026,                 324,    +239.7124609,      -7.4026641,   4,    +19.255949,     +0.058323,          0
            PSOJ239.7124-07.4026,                 324,    +239.7124609,      -7.4026641,   5,    +18.982008,     +0.058812,          0
                SDWISEJ1601-1828,                 326,    +240.2964999,     -18.4764111,   3,    +19.082235,     +0.036538,          0
                SDWISEJ1601-1828,                 326,    +240.2964999,     -18.4764111,   5,    +18.599812,     +0.042346,          0
            PSOJ242.4397-12.9816,                 330,    +242.4397100,     -12.9816971,   3,    +19.706903,     +0.067868,          0
            PSOJ242.4397-12.9816,                 330,    +242.4397100,     -12.9816971,   5,    +19.463556,     +0.205653,          0
            PSOJ245.0636-00.1978,                 334,    +245.0636766,      -0.1978600,   2,    +20.788660,     +0.182446,    4194304
            PSOJ245.0636-00.1978,                 334,    +245.0636766,      -0.1978600,   3,    +20.795214,     +0.195115,          0
            PSOJ245.0636-00.1978,                 334,    +245.0636766,      -0.1978600,   4,    +24.527817,     +8.679964,          0
            PSOJ245.0636-00.1978,                 334,    +245.0636766,      -0.1978600,   5,    +21.203918,     +0.585903,    4194304
            PSOJ308.0416-21.2339,                 350,    +308.0416401,     -21.2339750,   2,    +20.305927,     +0.052517,          0
            PSOJ308.0416-21.2339,                 350,    +308.0416401,     -21.2339750,   3,    +20.182450,     +0.071429,          0
            PSOJ308.0416-21.2339,                 350,    +308.0416401,     -21.2339750,   5,    +19.313164,     +0.074736,          0
            PSOJ308.4829-27.6485,                 351,    +308.4829700,     -27.6485000,   2,    +19.637514,     +0.063712,       4096
            PSOJ308.4829-27.6485,                 351,    +308.4829700,     -27.6485000,   3,    +19.794470,     +0.070897,       4096
            PSOJ308.4829-27.6485,                 351,    +308.4829700,     -27.6485000,   4,    +19.769833,     +0.089537,       4096
            PSOJ308.4829-27.6485,                 351,    +308.4829700,     -27.6485000,   5,    +19.632280,     +0.111812,       4096
                  SDSSJ2053+0047,                 352,    +313.3407000,      +0.7852222,   3,    +21.104110,     +0.202136,          0
                  SDSSJ2053+0047,                 352,    +313.3407000,      +0.7852222,   4,    +20.307310,     +0.162763,          0
                  SDSSJ2053+0047,                 352,    +313.3407000,      +0.7852222,   5,    +20.315140,     +0.155456,          0
                  SDSSJ2054-0005,                 353,    +313.5270400,      -0.0874444,   3,    +20.599480,     +0.090454,          0
                  SDSSJ2054-0005,                 353,    +313.5270400,      -0.0874444,   4,    +20.150589,     +0.083710,          0
                  SDSSJ2054-0005,                 353,    +313.5270400,      -0.0874444,   5,    +20.260317,     +0.116134,          0
                 CFHQSJ2100-1715,                 354,    +315.2275800,     -17.2562490,   2,    +23.323008,     +1.376180,       4096
                 CFHQSJ2100-1715,                 354,    +315.2275800,     -17.2562490,   3,    +21.161070,     +0.286949,       4096
                 CFHQSJ2100-1715,                 354,    +315.2275800,     -17.2562490,   5,    +21.104330,     +0.550015,       4096
                  SDSSJ2118-0003,                 355,    +319.5530416,      -0.0640833,   3,    +20.986101,     +0.101479,          0
                  SDSSJ2118-0003,                 355,    +319.5530416,      -0.0640833,   4,    +21.050129,     +0.161158,          0
                  SDSSJ2118-0003,                 355,    +319.5530416,      -0.0640833,   5,    +20.356367,     +0.121165,          0
            PSOJ319.6040-10.9326,                 356,    +319.6040300,     -10.9326200,   2,    +19.840527,     +0.034363,          0
            PSOJ319.6040-10.9326,                 356,    +319.6040300,     -10.9326200,   3,    +19.891167,     +0.051879,          0
            PSOJ319.6040-10.9326,                 356,    +319.6040300,     -10.9326200,   5,    +19.812357,     +0.123654,          0
                  SDSSJ2119-0040,                 358,    +319.9662083,      -0.6722500,   3,    +21.518476,     +0.143981,          0
                  SDSSJ2119-0040,                 358,    +319.9662083,      -0.6722500,   4,    +22.208647,     +0.412747,          0
                  SDSSJ2119-0040,                 358,    +319.9662083,      -0.6722500,   5,    +20.881413,     +0.172898,          0
            PSOJ320.8703-24.3604,                 359,    +320.8703300,     -24.3604000,   2,    +20.229382,     +0.047619,          0
            PSOJ320.8703-24.3604,                 359,    +320.8703300,     -24.3604000,   3,    +19.807056,     +0.046679,          0
            PSOJ320.8703-24.3604,                 359,    +320.8703300,     -24.3604000,   5,    +19.551489,     +0.088900,          0
                  SDUVJ2142-0120,                 361,    +325.6636250,      -1.3334167,   3,    +20.221264,     +0.062972,          0
                  SDUVJ2142-0120,                 361,    +325.6636250,      -1.3334167,   4,    +20.132162,     +0.088664,          0
                  SDUVJ2142-0120,                 361,    +325.6636250,      -1.3334167,   5,    +19.788485,     +0.070432,          0
                  SDSSJ2147+0107,                 362,    +326.9808700,      +1.1320277,   3,    +20.961851,     +0.152970,          0
                  SDSSJ2147+0107,                 362,    +326.9808700,      +1.1320277,   4,    +21.187765,     +0.319104,          0
                  SDSSJ2147+0107,                 362,    +326.9808700,      +1.1320277,   5,    +20.768124,     +0.251651,          0
            PSOJ328.7339-09.5076,                 363,    +328.7339966,      -9.5076274,   2,    +20.392030,     +0.073794,          0
            PSOJ328.7339-09.5076,                 363,    +328.7339966,      -9.5076274,   3,    +20.191960,     +0.098433,          0
            PSOJ328.7339-09.5076,                 363,    +328.7339966,      -9.5076274,   5,    +19.999226,     +0.190257,          0
               SHELLQsJ2201+0155,                 365,    +330.3836250,      +1.9247222,   3,    +23.010185,     +0.511463,          0
                   MMTJ2202+0131,                 367,    +330.6383333,      +1.5223056,   3,    +22.383419,     +0.207995,          0
                   IMSJ2204+0012,                 368,    +331.0746667,      +1.1957778,   3,    +22.045269,     +0.259621,          0
                   IMSJ2204+0012,                 368,    +331.0746667,      +1.1957778,   4, -9.999995E008, -9.999995E008,          0
                   IMSJ2204+0012,                 368,    +331.0746667,      +1.1957778,   5,    +22.309425,     +2.073707,          0
                SDWISEJ2207-0416,                 369,    +331.7921666,      -4.2823000,   2,    +18.656256,     +0.020255,          0
                SDWISEJ2207-0416,                 369,    +331.7921666,      -4.2823000,   3,    +18.789618,     +0.025132,          0
                SDWISEJ2207-0416,                 369,    +331.7921666,      -4.2823000,   4,    +18.271572,     +0.023609,          0
                SDWISEJ2207-0416,                 369,    +331.7921666,      -4.2823000,   5,    +18.136086,     +0.026353,          0
          ATLASJ332.8017-32.1036,                 371,    +332.8007083,     -32.1035556,   1,    +23.896380,     +0.415021,          0
          ATLASJ332.8017-32.1036,                 371,    +332.8007083,     -32.1035556,   2, -9.999995E008, -9.999995E008,          0
          ATLASJ332.8017-32.1036,                 371,    +332.8007083,     -32.1035556,   3,    +25.270302,     +3.129017,          0
                  SDSSJ2211+0011,                 372,    +332.9208750,      +0.1885833,   3,    +22.538763,     +0.550710,          0
                  SDSSJ2211+0011,                 372,    +332.9208750,      +0.1885833,   4,    +21.207882,     +0.270105,          0
                  SDSSJ2211+0011,                 372,    +332.9208750,      +0.1885833,   5,    +20.799965,     +0.212201,          0
                  SDSSJ2211+0011,                 372,    +332.9208750,      +0.1885833,  10, -1.999999E009, -9.999995E008,          0
                  SDSSJ2212-0042,                 373,    +333.2145417,      -0.7085278,   3,    +20.444977,     +0.050246,          0
                  SDSSJ2212-0042,                 373,    +333.2145417,      -0.7085278,   4,    +19.659393,     +0.056452,          0
                  SDSSJ2212-0042,                 373,    +333.2145417,      -0.7085278,   5,    +19.826975,     +0.053517,          0
                   MMTJ2213+0034,                 374,    +333.2719167,      +0.5688333,   3,    +22.083384,     +0.243838,          0
                   MMTJ2213+0034,                 374,    +333.2719167,      +0.5688333,   4,    +22.192732,     +0.714348,          0
                   MMTJ2213+0034,                 374,    +333.2719167,      +0.5688333,   5,    +21.696844,     +0.298555,          0
                   MMTJ2213+0034,                 374,    +333.2719167,      +0.5688333,  10, -1.999999E009, -9.999995E008,          0
                   MMTJ2215-0009,                 375,    +333.8342500,      -0.1523333,   3,    +21.610983,     +0.152511,          0
                   MMTJ2215-0009,                 375,    +333.8342500,      -0.1523333,   4,    +22.091719,     +0.550648,          0
                   MMTJ2215-0009,                 375,    +333.8342500,      -0.1523333,   5,    +20.819748,     +0.134695,          0
                  SDSSJ2216+0013,                 377,    +334.1834167,      +0.2300278,   3,    +20.195482,     +0.082579,          0
                  SDSSJ2216+0013,                 377,    +334.1834167,      +0.2300278,   4,    +19.921383,     +0.088241,       4096
                  SDSSJ2216+0013,                 377,    +334.1834167,      +0.2300278,   5,    +19.780703,     +0.106845,       4096
                  SDSSJ2216+0013,                 377,    +334.1834167,      +0.2300278,  10, -1.999999E009, -9.999995E008,          0
                   HSCJ2216-0016,                 378,    +334.1852917,      -0.2805833,   3,    +22.460403,     +0.264326,          0
                   HSCJ2216-0016,                 378,    +334.1852917,      -0.2805833,   4,    +21.875600,     +0.311535,          0
                   HSCJ2216-0016,                 378,    +334.1852917,      -0.2805833,   5,    +21.848230,     +0.290299,          0
               VIMOS2911001793.0,                 379,    +334.8217500,      +1.0469167,   3,    +25.400772,     +3.535334,          0
               VIMOS2911001793.0,                 379,    +334.8217500,      +1.0469167,   4,    +21.827291,     +0.417479,          0
               VIMOS2911001793.0,                 379,    +334.8217500,      +1.0469167,   5,    +22.399302,     +0.635710,          0
               VIMOS2911001793.0,                 379,    +334.8217500,      +1.0469167,  10, -1.999999E009, -9.999995E008,          0
                  SDSSJ2220-0101,                 380,    +335.0770400,      -1.0296911,   3,    +20.300340,     +0.044583,          0
                  SDSSJ2220-0101,                 380,    +335.0770400,      -1.0296911,   4,    +20.122093,     +0.056360,          0
                  SDSSJ2220-0101,                 380,    +335.0770400,      -1.0296911,   5,    +19.840115,     +0.063681,          0
                SDWISEJ2226-0618,                 383,    +336.5517083,      -6.3020249,   2,    +18.637302,     +0.017965,          0
                SDWISEJ2226-0618,                 383,    +336.5517083,      -6.3020249,   3,    +18.696045,     +0.022697,          0
                SDWISEJ2226-0618,                 383,    +336.5517083,      -6.3020249,   4,    +18.445742,     +0.028863,          0
                SDWISEJ2226-0618,                 383,    +336.5517083,      -6.3020249,   5,    +18.346867,     +0.030038,          0
                  SDSSJ2228+0110,                 385,    +337.1814100,      +1.1756111,   3,    +22.867308,     +0.651941,          0
                  SDSSJ2228+0110,                 385,    +337.1814100,      +1.1756111,   4, -9.999995E008, -9.999995E008,          0
                  SDSSJ2228+0110,                 385,    +337.1814100,      +1.1756111,   5,    +23.813015,     +2.821323,          0
                  SDSSJ2228-0757,                 386,    +337.1881250,      -7.9653833,   2,    +19.882856,     +0.035686,          0
                  SDSSJ2228-0757,                 386,    +337.1881250,      -7.9653833,   3,    +19.629427,     +0.046513,          0
                  SDSSJ2228-0757,                 386,    +337.1881250,      -7.9653833,   5,    +19.254032,     +0.069089,          0
               SHELLQsJ2231-0035,                 389,    +337.9537083,      -0.5965278,   3,    +22.853674,     +0.427085,          0
               SHELLQsJ2231-0035,                 389,    +337.9537083,      -0.5965278,   4,    +22.372833,     +0.591111,          0
               SHELLQsJ2231-0035,                 389,    +337.9537083,      -0.5965278,   5,    +22.912098,     +0.831465,          0
                   HSCJ2232+0012,                 390,    +338.0501250,      +0.2106667,   3,    +22.358912,     +0.301528,          0
                   HSCJ2232+0012,                 390,    +338.0501250,      +0.2106667,   4, -9.999995E008, -9.999995E008,          0
                   HSCJ2232+0012,                 390,    +338.0501250,      +0.2106667,   5, -9.999995E008, -9.999995E008,          0
                  SDSSJ2233-0107,                 392,    +338.3651666,      -1.1178888,   3,    +21.217260,     +0.176382,          0
                  SDSSJ2233-0107,                 392,    +338.3651666,      -1.1178888,   4,    +21.283610,     +0.303560,          0
                  SDSSJ2233-0107,                 392,    +338.3651666,      -1.1178888,   5,    +20.850134,     +0.274075,          0
                   HSCJ2236+0032,                 393,    +339.1857500,      +0.5491389,   3,    +23.045370,     +0.519834,          0
                   HSCJ2236+0032,                 393,    +339.1857500,      +0.5491389,   4,    +22.129993,     +0.585273,          0
                   HSCJ2236+0032,                 393,    +339.1857500,      +0.5491389,   5,    +22.760660,     +0.702781,          0
                  SDSSJ2238-0027,                 394,    +339.7091666,      -0.4505000,   3,    +21.331573,     +0.096962,          0
                  SDSSJ2238-0027,                 394,    +339.7091666,      -0.4505000,   4,    +20.475594,     +0.151220,          0
                  SDSSJ2238-0027,                 394,    +339.7091666,      -0.4505000,   5,    +20.897049,     +0.117700,          0
                  SDSSJ2239+0030,                 395,    +339.7814999,      +0.5062777,   3,    +21.207893,     +0.083873,          0
                  SDSSJ2239+0030,                 395,    +339.7814999,      +0.5062777,   4,    +21.586380,     +0.521553,          0
                  SDSSJ2239+0030,                 395,    +339.7814999,      +0.5062777,   5,    +20.690311,     +0.093129,          0
            PSOJ340.2041-18.6621,                 397,    +340.2041700,     -18.6621700,   2,    +19.942938,     +0.048125,          0
            PSOJ340.2041-18.6621,                 397,    +340.2041700,     -18.6621700,   3,    +21.826004,     +0.425856,          0
            PSOJ340.2041-18.6621,                 397,    +340.2041700,     -18.6621700,   5,    +19.577545,     +0.128144,          0
                  SDSSJ2245+0024,                 399,    +341.3511249,      +0.4039444,   3,    +21.061497,     +0.311511,          0
                  SDSSJ2245+0024,                 399,    +341.3511249,      +0.4039444,   4,    +21.579325,     +0.933468,          0
                  SDSSJ2245+0024,                 399,    +341.3511249,      +0.4039444,   5,    +20.779566,     +0.141546,          0
                  VDESJ2250-5015,                 400,    +342.5083750,     -50.2617083,   3,    +19.166304,     +0.027578,          0
                  VDESJ2250-5015,                 400,    +342.5083750,     -50.2617083,   4,    +18.959820,     +0.031104,          0
                  VDESJ2250-5015,                 400,    +342.5083750,     -50.2617083,   5,    +18.944881,     +0.041831,          0
               SHELLQsJ2304+0045,                 403,    +346.0957083,      +0.7515000,   3,    +22.721537,     +0.394431,          0
               SHELLQsJ2304+0045,                 403,    +346.0957083,      +0.7515000,   4,    +22.705050,     +0.789150,          0
               SHELLQsJ2304+0045,                 403,    +346.0957083,      +0.7515000,   5,    +22.026909,     +0.421432,          0
                  SDSSJ2307+0031,                 404,    +346.8972900,      +0.5303888,   3,    +21.363028,     +0.118432,          0
                  SDSSJ2307+0031,                 404,    +346.8972900,      +0.5303888,   4,    +20.521620,     +0.166920,          0
                  SDSSJ2307+0031,                 404,    +346.8972900,      +0.5303888,   5,    +20.237743,     +0.069496,          0
                  SDSSJ2312+0100,                 406,    +348.0684999,      +1.0143055,   3,    +20.947046,     +0.063375,          0
                  SDSSJ2312+0100,                 406,    +348.0684999,      +1.0143055,   4,    +20.476665,     +0.094172,          0
                  SDSSJ2312+0100,                 406,    +348.0684999,      +1.0143055,   5,    +20.552752,     +0.082024,          0
                  SDSSJ2315-0023,                 407,    +348.9440400,      -0.3994722,   3,    +21.453613,     +0.131801,          0
                  SDSSJ2315-0023,                 407,    +348.9440400,      -0.3994722,   4,    +21.060250,     +0.132116,          0
                  SDSSJ2315-0023,                 407,    +348.9440400,      -0.3994722,   5,    +20.656433,     +0.126575,          0
                   VIKJ2318-3113,                 408,    +349.5000000,     -31.2166667,   1, -9.999995E008, -9.999995E008,          0
                   VIKJ2318-3113,                 408,    +349.5000000,     -31.2166667,   2, -9.999995E008, -9.999995E008,          0
                   VIKJ2318-3113,                 408,    +349.5000000,     -31.2166667,   3,    +25.932997,     +6.325523,          0
                   VIKJ2318-3113,                 408,    +349.5000000,     -31.2166667,   4,    +23.574066,     +1.530306,          0
                   VIKJ2318-3113,                 408,    +349.5000000,     -31.2166667,   5, -9.999995E008, -9.999995E008,          0
                 CFHQSJ2318-0246,                 409,    +349.5116600,      -2.7761111,   2,    +22.759926,     +0.976984,          0
                 CFHQSJ2318-0246,                 409,    +349.5116600,      -2.7761111,   3,    +22.149137,     +0.572927,          0
                 CFHQSJ2318-0246,                 409,    +349.5116600,      -2.7761111,   4,    +21.080744,     +0.277245,          0
                 CFHQSJ2318-0246,                 409,    +349.5116600,      -2.7761111,   5,    +20.386625,     +0.233077,          0
                  SDUVJ2325-0553,                 411,    +351.4026667,      -5.8911944,   2,    +19.259958,     +0.039830,          0
                  SDUVJ2325-0553,                 411,    +351.4026667,      -5.8911944,   3,    +19.055340,     +0.038281,          0
                  SDUVJ2325-0553,                 411,    +351.4026667,      -5.8911944,   4,    +19.016256,     +0.049711,          0
                  SDUVJ2325-0553,                 411,    +351.4026667,      -5.8911944,   5,    +18.990654,     +0.066777,          0
                 CFHQSJ2329-0301,                 412,    +352.2845000,      -3.0329999,   2,    +21.141861,     +0.268863,          0
                 CFHQSJ2329-0301,                 412,    +352.2845000,      -3.0329999,   3,    +22.201883,     +0.676721,          0
                 CFHQSJ2329-0301,                 412,    +352.2845000,      -3.0329999,   4,    +20.963884,     +0.302898,          0
                 CFHQSJ2329-0301,                 412,    +352.2845000,      -3.0329999,   5,    +20.946404,     +0.373539,          0
                 CFHQSJ2329-0403,                 413,    +352.3102500,      -4.0566944,   2,    +25.002449,     +6.690782,          0
                 CFHQSJ2329-0403,                 413,    +352.3102500,      -4.0566944,   3,    +23.108318,     +1.256746,          0
                 CFHQSJ2329-0403,                 413,    +352.3102500,      -4.0566944,   4, -9.999995E008, -9.999995E008,          0
                 CFHQSJ2329-0403,                 413,    +352.3102500,      -4.0566944,   5,    +22.407104,     +1.185661,          0
                  SDSSJ2334-0010,                 416,    +353.7293749,      -0.1728055,   3,    +20.819542,     +0.068941,          0
                  SDSSJ2334-0010,                 416,    +353.7293749,      -0.1728055,   4,    +20.820292,     +0.183320,          0
                  SDSSJ2334-0010,                 416,    +353.7293749,      -0.1728055,   5,    +20.809166,     +0.126488,          0
                   VIKJ2348-3054,                 418,    +357.1389000,     -30.9028440,   1,    +24.508955,     +0.691746,          0
                   VIKJ2348-3054,                 418,    +357.1389000,     -30.9028440,   2,    +21.183413,     +0.057377,          0
                   VIKJ2348-3054,                 418,    +357.1389000,     -30.9028440,   3,    +21.096329,     +0.058380,          0
                   VIKJ2348-3054,                 418,    +357.1389000,     -30.9028440,   4,    +21.265467,     +0.204083,          0
                   VIKJ2348-3054,                 418,    +357.1389000,     -30.9028440,   5,    +20.518696,     +0.083653,          0
                  SDUVJ2351-0459,                 420,    +357.8512917,      -4.9853611,   2,    +19.780756,     +0.058804,          0
                  SDUVJ2351-0459,                 420,    +357.8512917,      -4.9853611,   3,    +20.016592,     +0.084882,          0
                  SDUVJ2351-0459,                 420,    +357.8512917,      -4.9853611,   4,    +19.684560,     +0.087186,          0
                  SDUVJ2351-0459,                 420,    +357.8512917,      -4.9853611,   5,    +19.555300,     +0.096328,          0
            PSOJ359.1352-06.3831,                 421,    +359.1352149,      -6.3831264,   2,    +20.069366,     +0.069830,          0
            PSOJ359.1352-06.3831,                 421,    +359.1352149,      -6.3831264,   3,    +19.964043,     +0.070735,          0
            PSOJ359.1352-06.3831,                 421,    +359.1352149,      -6.3831264,   4,    +19.755445,     +0.084110,          0
            PSOJ359.1352-06.3831,                 421,    +359.1352149,      -6.3831264,   5,    +19.405123,     +0.078839,          0
                  SDSSJ2356+0023,                 422,    +359.2149100,      +0.3925833,   3,    +22.389263,     +0.500120,          0
                  SDSSJ2356+0023,                 422,    +359.2149100,      +0.3925833,   4, -9.999995E008, -9.999995E008,          0
                  SDSSJ2356+0023,                 422,    +359.2149100,      +0.3925833,   5,    +21.635384,     +0.483750,          0
                   VHSJ2102-1458,                 433,    +315.5800830,     -14.9816666,   2,    +20.964472,     +0.122492,          0
                   VHSJ2102-1458,                 433,    +315.5800830,     -14.9816666,   3,    +21.028320,     +0.194751,          0
                   VHSJ2102-1458,                 433,    +315.5800830,     -14.9816666,   5,    +22.222473,     +1.193855,          0
                  DELSJ0910-0414,                 434,    +137.7272080,      -4.2352222,   3,    +20.211462,     +0.084454,          0
                  DELSJ0910-0414,                 434,    +137.7272080,      -4.2352222,   5,    +19.471432,     +0.085005,          0
                 VDESJ02165-5226,                 455,     +34.1618750,     -52.4390556,   3,    +21.223787,     +0.162722,          0
                 VDESJ02165-5226,                 455,     +34.1618750,     -52.4390556,   5,    +20.635822,     +0.194466,          0
                  VDESJ0246-5219,                 456,     +41.7329167,     -52.3305278,   3,    +21.109318,     +0.117443,          0
                  VDESJ0246-5219,                 456,     +41.7329167,     -52.3305278,   5,    +20.388563,     +0.170366,          0
                   IMSJ0850-0506,                 459,    +132.6173333,      -5.1019167,   3,    +21.713713,     +0.299622,          0
                   IMSJ0850-0506,                 459,    +132.6173333,      -5.1019167,   5,    +21.700897,     +0.633296,          0
                  VDESJ2131-4359,                 461,    +322.7928750,     -43.9840278,   3,    +21.266886,     +0.136868,          0
                  VDESJ2131-4359,                 461,    +322.7928750,     -43.9840278,   5,    +20.619518,     +0.193745,          0
                   IMSJ2206+0201,                 462,    +331.6450417,      +2.0267500,   3,    +22.204939,     +0.252472,          0
                  VDESJ2211-6320,                 464,    +332.7525000,     -63.3488333,   3,    +21.271570,     +0.126666,          0
                  VDESJ2211-6320,                 464,    +332.7525000,     -63.3488333,   5,    +21.067740,     +0.348324,          0
